{
  "global_fraud_rate": 0.03499000914417313,
  "relative_amt_high_cut": 1.100785106420517,
  "d15_recent_low_cut": 0.0
}