{
  "overall": {
    "roc_auc": 0.9527782213118143,
    "confusion_matrix": [
      [
        113529,
        446
      ],
      [
        1734,
        2399
      ]
    ],
    "precision": 0.8432337434094903,
    "recall": 0.5804500362932494,
    "f1": 0.6875895672112353
  },
  "per_segment": {
    "VIP": {
      "roc_auc": 0.9723713592064165,
      "confusion_matrix": [
        [
          9890,
          24
        ],
        [
          58,
          87
        ]
      ],
      "precision": 0.7837837837837838,
      "recall": 0.6,
      "f1": 0.6796875
    },
    "Regular": {
      "roc_auc": 0.9400773686128088,
      "confusion_matrix": [
        [
          61680,
          220
        ],
        [
          1102,
          1186
        ]
      ],
      "precision": 0.8435277382645804,
      "recall": 0.5183566433566433,
      "f1": 0.642122360584732
    },
    "New": {
      "roc_auc": 0.9638938341399984,
      "confusion_matrix": [
        [
          41959,
          202
        ],
        [
          574,
          1126
        ]
      ],
      "precision": 0.8478915662650602,
      "recall": 0.6623529411764706,
      "f1": 0.7437252311756936
    }
  },
  "thresholds_used": {
    "VIP": 0.72,
    "Regular": 0.88,
    "New": 0.8200000000000001
  }
}